{"is_source_file": false, "format": "", "description": "", "external_files": [], "external_methods": [], "published": [], "classes": [], "methods": [], "calls": [], "search-terms": ["simple-notes-manager", "README.md", "218125-218134"], "state": 2, "file_id": 1, "knowledge_revision": 14, "git_revision": "56c7690bfb5c55df38b080f28fcdb556aa4c28b9", "hash": "04ae76e3ebac83c2d5a50b177a4f28da", "format-version": 4, "code-base-name": "notes_frontend", "filename": "README.md", "revision_history": [{"14": "56c7690bfb5c55df38b080f28fcdb556aa4c28b9"}]}